Title,keyword,keyword_id,Position,Previous position,Traffic,Traffic_id,CPC,Traffic Cost,traffic_cost_id,Last Seen,Competition,Search Volume,Number of Results,Keyword Difficulty
PMPŽ Exam & Certification | Flat 40% Off - Enroll Now,pmp certification,1,1,1,4253,1,3.76,15991,1,31-12-2024,0.6,90500,166000000,78
PMPŽ Exam & Certification | Confidently Ace The PMP Exam,pmp certification,1,1,1,4253,1,3.76,15991,1,01-01-2025,0.6,90500,172000000,78
PMPŽ Training & Exam | Special Offer: Get $400 Off,pmp certification,1,1,2,1176,2,3.82,4492,2,14-01-2025,0.65,90500,154000000,77
CSM Scrum Master Course Online | Today's Offer: Up To 51% Off,scrum master certification,2,1,1,850,2,3.21,2728,2,10-01-2025,0.64,18100,32000000,70
PMPŽ Certification | Ace PMP Exam in 1st Attempt,pmp certification,1,3,3,814,2,3.82,3109,2,07-01-2025,0.65,90500,165000000,78
ITILŽ 4 Certification Course | 100% Money Back Guarantee,itil certification,5,1,1,695,2,2.33,1619,2,26-01-2025,0.49,14800,13700000,55
PMPŽ Exam & Certification | Flat 40% Off - Enroll Now,pmp certification,1,4,4,633,2,3.76,2380,2,02-01-2025,0.6,90500,176000000,82
CSM Scrum Master Course Online | Today's Offer: Up To 51% Off,certified scrum master certification,2,1,1,465,3,3.21,1492,2,17-01-2025,0.64,9900,44200000,50
Scrum Alliance CSMŽ Training | Flash Sale: Enroll @ $270,csm certification,6,1,1,465,3,4.52,2101,2,28-12-2024,0.43,9900,51800000,57
PMPŽ Certification Course | Ace PMP Exam in 1st Attempt,pmp certification,1,6,0,452,3,3.82,1726,2,26-01-2025,0.65,90500,155000000,70
Simplilearn PMPŽ Course | Special Offer: Get $400 Off,simplilearn,4,1,1,380,3,2.31,877,2,22-01-2025,0.14,8100,4130000,52
SimplilearnŽ Courses | Online Certification Courses,simplilearn,4,1,1,380,3,2.31,877,2,25-01-2025,0.14,8100,4880000,48
PMPŽ Certification Course,pmp certification requirements,1,1,0,310,3,2.37,734,2,26-01-2025,0.59,6600,162000000,54
CSM Scrum Master Course Online - Limited-time Offer: $270 Only,certified scrum master,2,1,1,253,3,2.53,640,2,07-01-2025,0.49,5400,40200000,73
PMI Certified PMPŽ Training | Ace PMP Exam in 1st Attempt,pmi certification,11,1,1,253,3,3.35,847,2,22-01-2025,0.59,5400,48200000,45
PMPŽ Certification | Special Offer: Get $400 Off,project management certification,7,5,5,247,3,6.49,1603,2,31-12-2024,0.68,49500,978000000,76
CSM Scrum Master Course Online | Today's Offer: Up To 51% Off,scrum master certification,2,2,2,235,3,3.21,754,2,07-01-2025,0.64,18100,16000000,70
Become a Certified ScrumMaster | Today's Offer: Up To 51% Off,scrum master certification,2,3,3,162,3,3.21,520,2,04-01-2025,0.64,18100,31900000,74
PMPŽ Certification | Confidently Ace The PMP Exam,project management professional certification,7,4,4,126,3,3.76,473,3,31-12-2024,0.6,18100,931000000,82
SimplilearnŽ Courses | Online Certification Courses,simplilearn,4,2,2,105,3,2.31,242,3,12-01-2025,0.14,8100,4490000,68
CAPMŽ Certification Training | Ace CAPMŽ Exam in 1st Attempt,capm certification,8,4,4,103,3,2.72,280,3,25-01-2025,0.63,14800,5790000,58
ITIL Certification Course - 100% Exam Pass Guarantee,itil certification,5,4,4,103,3,2.33,239,3,26-01-2025,0.49,14800,13700000,55
CSM Scrum Master Course Online | Today's Offer: Up To 51% Off,scrum master certification,2,5,5,90,3,3.4,306,3,29-12-2024,0.56,18100,32700000,74
Simplilearn Post Graduate - Online Post Graduate Programs,post graduate program in digital marketing simplilearn purdue cost,4,1,1,89,3,0,0,3,21-01-2025,0,1900,68,30
PMPŽ Certification Course | Ace PMP Exam in 1st Attempt,pmp certification requirements,1,2,2,85,3,2.37,201,3,14-01-2025,0.59,6600,166000000,55
SAFeŽ Agilist Certification | Special Offer: Get $250 Off,safe certification,11,2,2,85,3,3.77,320,3,24-01-2025,0.41,6600,1400000000,48
PMPŽ Certification | Ace PMP Exam in 1st Attempt,pmp certifications,1,1,1,75,3,3.82,286,3,19-01-2025,0.65,1600,35300000,73
Simplilearn Online Bootcamps | Online Certification Courses,simplilearn login,4,1,1,75,3,1.31,98,3,23-01-2025,0.13,1600,64,57
CSM Scrum Master Course Online | Today's Offer: Up To 51% Off,scrum master certification,2,1,1,75,3,0,0,3,02-01-2025,0,1600,16200000,68
CSM Scrum Master Course Online | Today's Offer: Up To 51% Off,certified scrum master,2,2,2,70,3,2.68,187,3,30-12-2024,0.43,5400,24600000,73
CSPOŽ Certification | Limited Offer: Enroll @ $270,cspo,11,2,2,70,3,4.09,286,3,07-01-2025,0.41,5400,8660000,44
CSM Scrum Master Course Online | Today's Offer: Up To 51% Off,certified scrum master certification,2,4,4,69,3,3.21,221,3,24-01-2025,0.64,9900,31500000,54
PMPŽ Exam & Certification - Special Offer: Get $400 Off,pmp certification cost,1,5,5,60,3,2.59,155,3,07-01-2025,0.33,12100,112000000,46
PMPŽ Exam & Certification,pmp exam,1,3,0,59,3,2.6,153,3,26-01-2025,0.39,6600,21000000,60
CSM Scrum Master Course Online | Today's Offer: Up To 51% Off,certified scrum master certification,2,6,6,49,3,3.4,166,3,30-12-2024,0.56,9900,13200000,55
CSPOŽ Certification | Special Offer: Flat $279 Off,cspo,11,3,3,48,3,4.09,196,3,03-01-2025,0.41,5400,8780000,44
SimplilearnŽ Courses - Online Certification Courses,simplilearn,4,1,1,47,3,2.31,108,3,13-01-2025,0.14,1000,4340000,56
SimplilearnŽ Courses - Online Certification Courses,simplilearn ,4,1,1,47,3,2.31,108,3,06-01-2025,0.14,1000,4430000,66
SimplilearnŽ Courses | Online Certification Courses,simplilearn,4,1,1,47,3,2.31,108,3,06-01-2025,0.14,1000,4350000,62
PMPŽ Exam & Certification | Confidently Ace The PMP Exam,pmp exam,1,4,4,46,3,2.17,99,3,31-12-2024,0.36,6600,24200000,68
PMPŽ Exam & Certification | Special Offer: Get $400 Off,pmp exam,1,4,4,46,3,2.6,119,3,10-01-2025,0.39,6600,20400000,63
PMPŽ Certification Course | Ace PMP Exam in 1st Attempt,pmp certification exam questions,1,1,1,41,3,1.06,43,3,17-01-2025,0.45,880,94000000,37
SimplilearnŽ Official Site | Online Courses,simplilearn americas,4,1,1,33,3,1.88,62,3,31-12-2024,0.16,720,775000,37
PMPŽ Exam & Certification | Ace PMP Exam in 1st Attempt,pmp exam cost,1,2,2,31,3,2.28,70,3,15-01-2025,0.28,2400,11400000,38
PMPŽ Exam & Certification | Flat 40% Off - Enroll Now,pmp exam cost,1,2,2,31,3,2.28,70,3,22-01-2025,0.28,2400,11600000,44
SimplilearnŽ Courses - Online Certification Courses,simplilearn,4,1,1,27,3,2.31,62,3,17-01-2025,0.14,590,0,80
TOGAFŽ Architect Certification | Enroll in TOGAFŽ Course Now,togaf certification,9,2,2,24,3,2.34,56,3,20-01-2025,0.52,1900,1440000,43
PMPŽ Certification - Flat 40% Off - Enroll Now,pmp exam fee,1,2,2,24,3,1.85,44,3,27-12-2024,0.34,1900,8680000,27
ITILŽ 4 Certification Course | Accredited Course Curriculum,itil certifications,5,4,4,20,3,2.33,46,3,25-01-2025,0.49,2900,11300000,63
Simplilearn Online Bootcamps | Online Certification Courses,simplilearn login,4,2,2,20,3,1.31,26,3,09-01-2025,0.13,1600,75,55
SAFeŽ Agilist Certification | Special Offer: Get $250 Off,scaled agile framework certification,3,4,4,20,3,3.77,75,3,10-01-2025,0.41,2900,5330000,57
SimplilearnŽ Courses - Online Certification Courses,simplilearn,4,1,1,18,3,2.31,41,3,06-01-2025,0.14,390,4380000,70
TOGAFŽ Architect Certification | Enroll in TOGAFŽ Course Now,togaf certified,9,1,1,18,3,2.35,42,3,28-12-2024,0.41,390,1460000,50
AWS Certification Course,aws certification,10,2,2,16,3,1.74,27,3,24-01-2025,0.34,1300,318000000,97
PMPŽ Exam & Certification | Confidently Ace The PMP Exam,pmp practice exam free,1,1,1,15,3,1.5,22,3,01-01-2025,0.43,320,3230000,29
PMPŽ Exam & Certification | Ace PMP Exam in 1st Attempt,pmp study course,1,1,1,15,3,8.96,134,3,24-01-2025,0.19,320,35800000,58
SAFeŽ Agilist Certification | Limited Offer: Enroll @ $545,scaled agile framework certification,3,6,6,14,3,3.77,52,3,10-01-2025,0.41,2900,5330000,57
PMPŽ Certification Course | Ace PMP Exam in 1st Attempt,how to get pmp certification,1,4,4,13,3,3.92,50,3,15-01-2025,0.69,1900,39400000,46
TOGAFŽ Architect Certification | TOGAFŽ Free Exam Retake,togaf certification,9,4,4,13,3,2.35,30,3,30-12-2024,0.41,1900,1750000,45
SimplilearnŽ Courses,simplilearn,4,2,2,13,3,2.31,30,3,06-01-2025,0.14,1000,4350000,62
SimplilearnŽ Courses,simplilearn,4,1,1,12,3,1.88,22,3,01-01-2025,0.16,260,4570000,48
PMPŽ Certification Course | Ace PMP Exam in 1st Attempt,pmp course,1,5,5,12,3,7.22,86,3,23-01-2025,0.69,2400,71600000,70
SimplilearnŽ Official Site,login simplilearn,4,1,1,12,3,1.31,15,3,08-01-2025,0.13,260,1920000,45
PMPŽ Exam & Certification,pmp test,1,4,4,11,3,2.6,28,3,22-01-2025,0.39,1600,51700000,67
SimplilearnŽ Official Site,simplilearn,4,1,1,9,3,2.31,20,3,05-01-2025,0.14,210,4330000,63
SAFeŽ Agilist Certification | Special Offer: Get $250 Off,scale agile certification,3,2,0,9,3,3.77,33,3,26-01-2025,0.41,720,37100000,44
AWS Certified Cloud Practioner | Special Offer Get Flat 43% Off,aws practitioner certification,10,3,0,9,3,1.5,13,3,26-01-2025,0.41,1000,29200000,78
TOGAFŽ Architect Certification - TOGAFŽ Free Exam Retake,togaf certification,9,6,6,9,3,2.34,21,3,20-01-2025,0.52,1900,1440000,43
PMPŽ Exam & Certification | Ace PMP Exam in 1st Attempt,pmp certification,1,2,2,9,3,3.98,35,3,13-01-2025,0.57,720,8920000,70
TOGAFŽ Enterprise Architecture | Master TOGAFŽ Core Concepts,togaf training,9,1,1,9,3,3.85,34,3,25-01-2025,0.38,210,4160000,43
Simplilearn Online Bootcamps | Online Certification Courses,simplilearn,4,1,1,7,3,2.31,16,3,22-01-2025,0.14,170,4260000,49
SimplilearnŽ Courses,simplilearn,4,2,2,7,3,1.88,13,3,01-01-2025,0.16,590,4820000,47
Simplilearn Courses,simplilearn,4,1,1,7,3,0,0,3,13-01-2025,0,170,4240000,78
Certified Scrum Product OwnerŽ | Limited Offer: Flat $279 Off,scrum master certification free,2,4,4,7,3,1.79,12,3,06-01-2025,0.55,1000,4570000,42
TOGAFŽ 10 Certification Course | Master TOGAFŽ Core Concepts,togaf certifications,9,1,1,6,3,2.35,14,3,01-01-2025,0.41,140,2880000,51
Simplilearn Online Bootcamps | Online Certification Courses,simplilearn,4,1,1,6,3,2.31,13,3,22-01-2025,0.14,140,4210000,49
SimplilearnŽ Courses | Online Certification Courses,simplilearn,4,1,1,6,3,2.31,13,3,18-01-2025,0.14,140,4480000,38
SimplilearnŽ Courses,simplilearn,4,1,1,6,3,2.31,13,3,19-01-2025,0.14,140,4340000,49
Become Certified Scrum Master | Flash Sale: Enroll @ $270,certified scrum certification,2,4,4,6,3,3.01,18,3,10-01-2025,0.56,880,6460000,73
SimplilearnŽ Official Site - Online Certification Courses,simplilearn,4,1,1,6,3,2.31,13,3,15-01-2025,0.14,140,4210000,54
PMPŽ Certification Course | Ace PMP Exam in 1st Attempt,pmp certification training,1,5,5,6,3,9.39,56,3,24-01-2025,0.42,1300,209000000,70
SimplilearnŽ Courses | Online Certification Courses,simplilearn,4,1,1,5,3,1.88,9,3,31-12-2024,0.16,110,4570000,44
PMPŽ Certification Course | Ace PMP Exam in 1st Attempt,project management professional prep course,7,3,3,5,3,8.96,44,3,23-01-2025,0.19,590,41600000,43
PMPŽ Training & Exam - Ace PMP Exam in 1st Attempt,pmp exam practice test,1,3,3,5,3,2.08,10,3,26-01-2025,0.52,590,5570000,32
PMPŽ Certification Training | Ace PMP Exam in 1st Attempt,how to prepare for pmp certification,1,1,1,5,3,3.07,15,3,13-01-2025,0.4,110,10200000,33
ITIL Foundations Course | 100% Exam Pass Guarantee,itil 4 foundation certification,5,2,2,5,3,3.33,16,3,09-01-2025,0.52,390,9890000,44
SimplilearnŽ Courses | Level Up Your Skills | Launch Your Career,simplilearn learn,4,1,1,4,3,1.88,7,3,02-01-2025,0.16,90,4460000,38
SimplilearnŽ Courses,simplilearn azure,4,1,1,4,3,0,0,3,20-01-2025,0.43,90,231000,36
Cloud Architect Certificate - Become a Cloud Architect,cloud architect certification,11,3,3,4,3,6.39,25,3,22-01-2025,0.4,480,63800000,77
PMPŽ Certification Training | Flat 40% Off - Enroll Now,cheap pmp certification,1,1,1,4,3,5.98,23,3,18-01-2025,0.46,90,40900000,25
CSPOŽ Certification Course | Limited Offer: Flat $279 Off,cops training,11,3,3,4,3,6.97,27,3,31-12-2024,0.24,480,8690000,44
SimplilearnŽ Official Site,simplilearn log in,4,1,1,4,3,1.31,5,3,20-01-2025,0.13,90,61,19
Simplilearn ITIL 4 Training - Online Certification Courses,skillup by simplilearn,4,1,1,4,3,4.47,17,3,31-12-2024,0.31,90,55,49
CSM Scrum Master Course Online - Today's Offer: Up To 51% Off,certified scrum master class,2,2,2,3,3,5.46,16,3,24-01-2025,0.43,260,4450000,59
Simplilearn PMPŽ Course | Flat 40% Off - Enroll Now,simplilearn,4,1,1,3,3,2.31,6,3,22-01-2025,0.14,70,4210000,48
CSM Scrum Master Course Online | Today's Offer: Up To 51% Off,certified scrum master certificate,2,2,2,3,3,3.21,9,3,22-01-2025,0.64,260,13700000,64
PMPŽ Certification Course,how to get project management certification,7,3,3,3,3,7.37,22,3,21-01-2025,0.72,390,375000000,56
Simplilearn Courses | Online Courses,simplilearn courses,4,1,1,3,3,6.31,18,3,09-01-2025,0.38,70,3310000,52
CSM Scrum Master Course Online | Today's Offer: Up To 51% Off,certified scrum master course,2,3,3,3,3,5.46,16,3,18-01-2025,0.43,390,49100000,60
Product Owner (CSPOŽ) Course | Limited Offer: Flat $279 Off,a certified scrum product owner,2,1,1,3,3,3.02,9,3,16-01-2025,0.42,70,8800000,44
Master ITIL 4 Foundation - Clear ITIL Exam on 1st Attempt,itil foundation mock test,5,1,1,3,3,1.8,5,3,24-01-2025,0.26,70,277000,12
Simplilearn PMPŽ Course | Special Offer: Get $400 Off,simplilearn,4,1,1,3,3,1.88,5,3,02-01-2025,0.16,70,4790000,38
Simplilearn Online Bootcamps | Level Up Your Skills,simplilearn,4,1,1,3,3,2.31,6,3,23-01-2025,0.14,70,4260000,62
SimplilearnŽ Courses | Online Certification Courses,simplilearn,4,1,0,3,3,2.31,6,3,26-01-2025,0.14,70,4490000,58
Simplilearn Online Bootcamps | Online Certification Courses,simplilearn,4,1,1,3,3,1.88,5,3,02-01-2025,0.16,70,4610000,68
SimplilearnŽ Official Site | Online Certification Courses,simplilearn,4,1,1,3,3,0,0,3,22-01-2025,0,70,4130000,47
Master ITIL 4 Foundation - 100+ Premium Exam Questions,itil foundation mock exam,5,1,1,3,3,2.67,8,3,31-12-2024,0.28,70,313000,16
AWS Certified Cloud Practioner | Today's offer- Flat $300 Off,best aws learning tutorial,10,5,5,3,3,0,0,3,23-01-2025,0,720,45700000,47
Simplilearn Online Bootcamps | Online Certification Courses,simplilearn,4,1,1,2,3,2.31,4,3,17-01-2025,0.14,50,4410000,76
PMPŽ Certification Course | Flat 40% Off - Enroll Now,pmp certification courses online,1,3,3,2,3,9.78,19,3,27-12-2024,0.62,260,8930000,57
PMPŽ Certification | Flat 40% Off - Enroll Now,online pmp certification training,1,1,1,2,3,11.09,22,3,27-12-2024,0.48,50,7540000,57
CSM Scrum Master Course Online | Limited-time Offer: $270 Only,csm scrum master certification,2,2,2,2,3,3.23,6,3,25-01-2025,0.4,210,4620000,48
PMPŽ Training & Exam | Confidently Ace The PMP Exam,pmp prep classes,1,5,5,2,3,10.08,20,3,01-01-2025,0.55,590,490000,49
Simplilearn Online Bootcamps | Launch Your Career,simplilearn,4,1,1,2,3,2.31,4,3,06-01-2025,0.14,50,4770000,39
PMPŽ Exam & Certification - Confidently Ace The PMP Exam,pmp test requirements,1,3,3,2,3,1.67,3,3,01-01-2025,0.31,260,64800000,47
ITIL Certification Cost - 100% Exam Pass Guarantee,itil 4 foundation exam cost,5,3,0,2,3,2.48,4,3,26-01-2025,0.47,320,1050000,24
SimplilearnŽ Courses,simplilearn,4,1,1,2,3,2.31,4,3,21-01-2025,0.14,50,4340000,
CAPMŽ Exam Prep in 3 Weeks | Ace CAPMŽ Exam in 1st Attempt,capm course,8,6,0,2,3,4.5,9,3,26-01-2025,0.71,590,8770000,44
PMPŽ Certification Training | Flat 40% Off - Enroll Now,how much does it cost to do pmp-acp,1,4,4,2,3,0,0,3,05-01-2025,0,390,1910000,22
ITIL Certification Now - 4 Mock Tests | 30+ Quizzes,itil foundation test online,5,1,1,1,3,3.34,3,3,04-01-2025,0.6,30,797000,17
ITIL Certification Course | Clear ITIL Exam on 1st Attempt,itil certification course online,5,1,1,1,3,6.05,6,3,22-01-2025,0.24,40,4950000,32
PMPŽ Certification Training - Ace PMP Exam in 1st Attempt,pmp exam prep free,1,1,1,1,3,2.59,2,3,24-01-2025,0.63,40,2620000,30
Become CAPMŽ Ready in 3 Weeks | Ace CAPMŽ Exam in 1st...,certified associate in project management capm course,7,2,2,1,3,6.11,6,3,21-01-2025,0.75,110,328000,27
PMPŽ Exam & Certification | Ace PMP Exam in 1st Attempt,pmp certification,1,2,2,1,3,3.38,3,3,12-01-2025,0.62,140,200000000,77
SimplilearnŽ Courses | Online Certification Courses,simplilearn,4,2,2,1,3,2.31,2,3,22-01-2025,0.14,140,4210000,49
SimplilearnŽ ITIL Programs | Online Certification Courses,simplilearn artificial intelligence engineer,4,1,1,1,3,4.19,4,3,23-01-2025,0.43,30,108000,33
ITIL Foundations Course | 100% Exam Pass Guarantee,itil foundation training,5,4,4,1,3,6.12,6,3,14-01-2025,0.42,170,8940000,36
PMPŽ Certification | Ace PMP Exam in 1st Attempt,certificado de gestion de proyectos,11,1,1,1,3,7.08,7,3,13-01-2025,0.53,40,80600000,18
TOGAFŽ Certification Price - TOGAFŽ Free Exam Retake,togaf certification training,9,2,2,1,3,4.43,4,3,21-01-2025,0.47,90,1050000,33
Simplilearn Online Bootcamps - Online Certification Courses,simplilearn,4,2,2,1,3,2.31,2,3,18-01-2025,0.14,140,4480000,38
ITIL Certification Course | 100% Exam Pass Guarantee,itil certification training,5,2,2,1,3,5.19,5,3,22-01-2025,0.49,140,11800000,54
Become a Certified ScrumMaster | Today's Offer: Up To 51%...,certified scrum master csm,2,3,3,1,3,3.23,3,3,18-01-2025,0.4,140,4120000,60
TOGAFŽ Enterprise Architecture | Enroll in TOGAFŽ Course Now,udacity enterprise architecture,11,4,4,1,3,0,0,3,06-01-2025,0,260,131000,20
Simplilearn ITIL 4 Training | Online Certification Courses,simplilearn itil,4,1,1,1,3,8.9,8,3,05-01-2025,0.48,40,92100,41
SimplilearnŽ Official Site - Online Certification Courses,simplilearn,4,1,1,1,3,2.44,2,3,15-01-2025,0.18,40,4690000,77
SimplilearnŽ Training Programs | Get Certified. Get Ahead.,simplilearn cloud architect,4,1,1,1,3,0,0,3,13-01-2025,0.05,40,372000,34
ITIL Certification Course | Clear ITIL Exam on 1st Attempt,itil certification,5,1,1,1,3,2.33,2,3,10-01-2025,0.49,30,15500000,47
Simplilearn Online Bootcamps | Trusted by 3 Million+ Learners,simplilearn,4,1,1,1,3,2.31,2,3,21-01-2025,0.14,30,4270000,44
Master ITIL 4 Foundation - Clear ITIL Exam on 1st Attempt,itil 4 foundation mock exam,5,1,1,1,3,2.78,2,3,09-01-2025,0.4,30,402000,15
PMPŽ Certification Course | Ace PMP Exam in 1st Attempt,pmp courses online free,1,1,1,1,3,4.61,4,3,18-01-2025,0.46,40,53900000,28
ITIL Foundations Course | 100% Exam Pass Guarantee,itil 4 foundation certification,5,6,6,1,3,3.33,3,3,09-01-2025,0.52,390,9890000,44
PMI Certified PMPŽ Training | Flat 40% Off - Enroll Now,pmi project management course,7,3,3,1,3,4.57,4,3,28-12-2024,0.48,210,25400000,62
SimplilearnŽ Courses | Online Certification Courses,simplilearn data science,4,2,2,1,3,7.24,7,3,05-01-2025,0.43,90,1630000,51
Become Certified Scrum Master | Today's Offer: Up To 51% Off,certified scrum master certification,2,3,3,1,3,3.37,3,3,28-12-2024,0.38,170,1910000,51
Simplilearn ITIL V4 | Online Certification Courses,simplilearn cissp,4,1,1,1,3,5.91,5,3,05-01-2025,0.63,30,46,37
CSM Scrum Master Course Online | Limited-time Offer: $270 Only,csm class,6,3,3,1,3,3.62,3,3,12-01-2025,0.09,140,69900000,42
Simplilearn Online Bootcamps | Online Certification Courses,simplilearn full stack developer,4,2,2,1,3,7.51,7,3,12-01-2025,0.7,110,333000,50
PMI Certified PMPŽ Training | Ace PMP Exam in 1st Attempt,pmp training pmi,1,3,3,1,3,3.98,3,3,09-01-2025,0.57,210,5580000,70
Simplilearn ITIL 4 Training - Level Up Your Skills,skillup by simplilearn,4,2,2,1,3,4.47,4,3,31-12-2024,0.31,90,55,49
Cloud Certification Course | Masters Certification in Cloud,caltech post graduate program in cloud computing,11,3,3,0,3,15.02,0,3,31-12-2024,0.47,40,79700,19
PMPŽ Certification Course | Flat 40% Off - Enroll Now,it project manager certification,11,5,5,0,3,7.25,0,3,29-12-2024,0.51,140,262000000,45
Simplilearn Online Bootcamps | Online Certification Courses,simplilearn,4,2,2,0,3,2.31,0,3,17-01-2025,0.14,50,4410000,76
PMPŽ Exam & Certification | Confidently Ace The PMP Exam,pmp exam prep,1,4,4,0,3,5.36,0,3,31-12-2024,0.66,140,5700000,56
PMPŽ Certification | Confidently Ace The PMP Exam,best course for pmp,1,4,4,0,3,10.26,0,3,31-12-2024,0.24,30,15600000,39
ITIL Certification Course | 100% Exam Pass Guarantee,itil certification online,5,3,3,0,3,3.55,0,3,03-01-2025,0.3,110,3810000,40
ITIL Foundations Course | 100% Exam Pass Guarantee,itil online certification,5,2,2,0,3,4,0,3,31-12-2024,0.29,30,11600000,35
No Cost & No Hidden Fees - AWS Certification Course,best platform to learn aws,10,4,0,0,3,0,0,3,26-01-2025,0.26,110,149000000,38
PMPŽ Certification Course | Confidently Ace The PMP Exam,pmp certification what is it,1,4,4,0,3,2.08,0,3,01-01-2025,0.28,70,143000000,49
CAPMŽ Certification Training | Ace CAPMŽ Exam in 1st...,certified associate in project management capm course,7,5,5,0,3,6.11,0,3,21-01-2025,0.75,110,328000,27
PMPŽ Course | Confidently Ace The PMP Exam,best pmp prep course,1,6,6,0,3,8.4,0,3,31-12-2024,0.52,170,1260000,32
ITIL Certification Course | 100% Exam Pass Guarantee,itil classes online,5,3,3,0,3,6.05,0,3,21-01-2025,0.24,70,716000,33
SimplilearnŽ Courses | Online Certification Courses,simplilearn artificial intelligence engineer,4,4,4,0,3,9.33,0,3,27-12-2024,0.95,30,149000,24
Simplilearn TOGAF - Online Certification Courses,simplilearn artificial intelligence engineer,4,6,6,0,3,4.19,0,3,23-01-2025,0.43,30,108000,33
ITIL Foundations Course | 100% Exam Pass Guarantee,learning tree itil 4 foundation,5,3,3,0,3,2.53,0,3,31-12-2024,0.26,40,235000,8
PMPŽ Training Course | Confidently Ace The PMP Exam,purdue project management essentials,7,2,2,0,3,5.11,0,3,01-01-2025,0.15,30,186000,34
Project Management Training,purdue project management essentials,7,5,5,0,3,5.11,0,3,01-01-2025,0.15,30,186000,34
TOGAFŽ Enterprise Architecture | Enroll in TOGAFŽ Course Now,it architect certification program,11,4,4,0,3,3.68,0,3,22-01-2025,0.22,110,41700000,31
TOGAFŽ 10 Certification Course | Enroll in TOGAFŽ Course Now,togaf course online,9,2,2,0,3,4.94,0,3,03-01-2025,0.4,40,313000,21
AWS Solution Architect Course | Get AWS Associate Certificate,aws solutions architect-associate,10,4,4,0,3,3.86,0,3,05-01-2025,0.25,70,11000000,61
CSM Scrum Master Course Online - Today's Offer: Up To 51% Off,get certified scrum master,2,3,3,0,3,4.15,0,3,24-01-2025,0.79,40,15000000,47
Online AWS CPE Course | Special Offer Get Flat 43% Off,devops certification course,11,4,4,0,3,7.78,0,3,31-12-2024,0.46,50,51200000,60
CSM Scrum Master Course Online | Today's Offer: Up To 51% Off,scrum master certification course,2,4,4,0,3,5.46,0,3,24-01-2025,0.43,140,13800000,62
PMPŽ Exam & Certification | Flat 40% Off - Enroll Now,pmp training and certification cost,1,4,4,0,3,2.59,0,3,06-01-2025,0.33,50,6630000,37
Leading SAFeŽ 6 Certification | Special Offer: Get $250 Off,safe 6.0 certification,11,4,4,0,3,4.43,0,3,22-01-2025,0.57,70,332000000,38
PMPŽ Exam & Certification,pmp registered,1,2,2,0,3,5.31,0,3,21-01-2025,0.26,40,51600000,56
PMPŽ Exam & Certification | Flat 40% Off - Enroll Now,pmp registered,1,5,5,0,3,5.31,0,3,21-01-2025,0.26,40,51600000,56
PMPŽ Exam & Certification | Ace PMP Exam in 1st Attempt,how to register for pmp exam,1,2,2,0,3,3.18,0,3,15-01-2025,0.45,70,19900000,18
CSM Scrum Master Course Online - Today's Offer: Up To 51% Off,scrum master certification,2,4,4,0,3,3.4,0,3,31-12-2024,0.56,40,32400000,64
SAFeŽ Agile Training & Exam | Special Offer: Get $250 Off,scrum safe certification,2,3,3,0,3,3.86,0,3,26-01-2025,0.51,30,7270000,27
PMPŽ Course | Confidently Ace The PMP Exam,pmp free course,1,3,3,0,3,4.18,0,3,01-01-2025,0.57,110,48300000,35
PMPŽ Certification Course,how to prepare for pmp certification,1,5,5,0,3,3.07,0,3,13-01-2025,0.4,110,10200000,33
PMPŽ Exam & Certification | Flat 40% Off - Enroll Now,what is the cost of pmp exam,1,4,4,0,3,2.18,0,3,24-01-2025,0.4,40,4420000,34
Master ITIL 4 Foundation | 100% Exam Pass Guarantee,itil 4 foundation course,5,3,3,0,3,4.7,0,3,23-01-2025,0.35,70,6040000,46
PMPŽ Certification Course | Flat 40% Off - Enroll Now,pmp certification online course,1,6,6,0,3,9.78,0,3,27-12-2024,0.62,170,35200000,59
Master ITIL 4 Foundation | 100% Exam Pass Guarantee,itil 4 foundation,5,3,3,0,3,3.54,0,3,28-12-2024,0.43,30,1190000,35
Master ITIL 4 Foundation | 100% Exam Pass Guarantee,itil 4 foundation,5,6,6,0,3,3.54,0,3,28-12-2024,0.43,30,1190000,35
ITIL Foundations Course | Clear ITIL Exam on 1st Attempt,itil foundations training,5,3,3,0,3,6.34,0,3,31-12-2024,0.38,40,11500000,32
Simplilearn PMPŽ Course - Limited Offer: Get $400 Off,simplilearn,4,2,2,0,3,1.88,0,3,02-01-2025,0.16,70,4790000,38
SimplilearnŽ Courses | Online Certification Courses,simplilearn,4,2,2,0,3,1.88,0,3,29-12-2024,0.16,70,4820000,44
CSPOŽ Certification - Special Offer: Flat $279 Off,knowledge hut cops,11,2,2,0,3,46.86,0,3,31-12-2024,0.23,30,54,14
Become CAPMŽ Ready in 3 Weeks | Ace CAPMŽ Exam in 1st...,capm training classes,8,2,2,0,3,5.62,0,3,16-01-2025,0.4,70,952000,39
Become Certified Scrum Master | Limited-time Offer: $270 Only,agile certified scrum master,2,3,3,0,3,3.19,0,3,31-12-2024,0.51,90,16100000,67
Simplilearn Online Bootcamps | Online Certification Courses,simplilearn generative ai,4,3,3,0,3,7.87,0,3,05-01-2025,0.85,30,568000,41
PMPŽ Exam & Certification | Special Offer: Get $400 Off,pmp certification,1,6,6,0,3,3.77,0,3,31-12-2024,0.19,30,29700,66
PMPŽ Exam & Certification - Flat 40% Off - Enroll Now,pmp certification 35 hours online training,1,4,4,0,3,7.75,0,3,31-12-2024,0.61,40,28500000,31
Certified Scrum Product OwnerŽ | Limited Offer: Flat $279 Off,scrum alliance csm certification cost,2,4,4,0,3,2.62,0,3,16-01-2025,0.39,90,512000,47
PMPŽ Certification Course,duration of pmp course,1,2,2,0,3,2.61,0,3,22-01-2025,0.24,50,21900000,46
TOGAFŽ Certification Exam Cost | TOGAFŽ Free Exam Retake,togaf certification price,9,4,4,0,3,1.94,0,3,13-01-2025,0.3,30,384000,24
Master ITIL 4 Foundation - 100% Exam Pass Guarantee,itil foundation test,5,2,2,0,3,2.49,0,3,23-01-2025,0.53,50,4550000,30
