Title,Keyword,Position,Previous position,Search Volume,CPC,Traffic,Traffic (%),Traffic Cost,Traffic Cost (%),Competition,Number of Results,Last Seen,Keyword Difficulty
PMPŽ Exam & Certification | Flat 40% Off - Enroll Now,pmp certification,1,1,90500,3.76,4253,22.77,15991,24.66,0.6,166000000,31-12-2024,78
PMPŽ Exam & Certification | Confidently Ace The PMP Exam,pmp certification,1,1,90500,3.76,4253,22.77,15991,24.66,0.6,172000000,01-01-2025,78
PMPŽ Training & Exam | Special Offer: Get $400 Off,pmp certification,1,2,90500,3.82,1176,6.29,4492,6.92,0.65,154000000,14-01-2025,77
CSM Scrum Master Course Online | Today's Offer: Up To 51% Off,scrum master certification,1,1,18100,3.21,850,4.55,2728,4.2,0.64,32000000,10-01-2025,70
PMPŽ Certification | Ace PMP Exam in 1st Attempt,pmp certification,3,3,90500,3.82,814,4.35,3109,4.79,0.65,165000000,07-01-2025,78
ITILŽ 4 Certification Course | 100% Money Back Guarantee,itil certification,1,1,14800,2.33,695,3.72,1619,2.49,0.49,13700000,26-01-2025,55
PMPŽ Exam & Certification | Flat 40% Off - Enroll Now,pmp certification,4,4,90500,3.76,633,3.39,2380,3.67,0.6,176000000,02-01-2025,82
CSM Scrum Master Course Online | Today's Offer: Up To 51% Off,certified scrum master certification,1,1,9900,3.21,465,2.49,1492,2.3,0.64,44200000,17-01-2025,50
Scrum Alliance CSMŽ Training | Flash Sale: Enroll @ $270,csm certification,1,1,9900,4.52,465,2.49,2101,3.24,0.43,51800000,28-12-2024,57
PMPŽ Certification Course | Ace PMP Exam in 1st Attempt,pmp certification,6,0,90500,3.82,452,2.42,1726,2.66,0.65,155000000,26-01-2025,70
Simplilearn PMPŽ Course | Special Offer: Get $400 Off,simplilearn,1,1,8100,2.31,380,2.03,877,1.35,0.14,4130000,22-01-2025,52
SimplilearnŽ Courses | Online Certification Courses,simplilearn,1,1,8100,2.31,380,2.03,877,1.35,0.14,4880000,25-01-2025,48
PMPŽ Certification Course,pmp certification requirements,1,0,6600,2.37,310,1.66,734,1.13,0.59,162000000,26-01-2025,54
CSM Scrum Master Course Online - Limited-time Offer: $270 Only,certified scrum master,1,1,5400,2.53,253,1.35,640,0.98,0.49,40200000,07-01-2025,73
PMI Certified PMPŽ Training | Ace PMP Exam in 1st Attempt,pmi certification,1,1,5400,3.35,253,1.35,847,1.3,0.59,48200000,22-01-2025,45
PMPŽ Certification | Special Offer: Get $400 Off,project management certification,5,5,49500,6.49,247,1.32,1603,2.47,0.68,978000000,31-12-2024,76
CSM Scrum Master Course Online | Today's Offer: Up To 51% Off,scrum master certification,2,2,18100,3.21,235,1.25,754,1.16,0.64,16000000,07-01-2025,70
Become a Certified ScrumMaster | Today's Offer: Up To 51% Off,scrum master certification,3,3,18100,3.21,162,0.86,520,0.8,0.64,31900000,04-01-2025,74
PMPŽ Certification | Confidently Ace The PMP Exam,project management professional certification,4,4,18100,3.76,126,0.67,473,0.72,0.6,931000000,31-12-2024,82
SimplilearnŽ Courses | Online Certification Courses,simplilearn,2,2,8100,2.31,105,0.56,242,0.37,0.14,4490000,12-01-2025,68
CAPMŽ Certification Training | Ace CAPMŽ Exam in 1st Attempt,capm certification,4,4,14800,2.72,103,0.55,280,0.43,0.63,5790000,25-01-2025,58
ITIL Certification Course - 100% Exam Pass Guarantee,itil certification,4,4,14800,2.33,103,0.55,239,0.36,0.49,13700000,26-01-2025,55
CSM Scrum Master Course Online | Today's Offer: Up To 51% Off,scrum master certification,5,5,18100,3.4,90,0.48,306,0.47,0.56,32700000,29-12-2024,74
Simplilearn Post Graduate - Online Post Graduate Programs,post graduate program in digital marketing simpli learn purdue cost,1,1,1900,0,89,0.47,0,0,0,68,21-01-2025,30
PMPŽ Certification Course | Ace PMP Exam in 1st Attempt,pmp certification requirements,2,2,6600,2.37,85,0.45,201,0.31,0.59,166000000,14-01-2025,55
SAFeŽ Agilist Certification | Special Offer: Get $250 Off,safe certification,2,2,6600,3.77,85,0.45,320,0.49,0.41,1400000000,24-01-2025,48
PMPŽ Certification | Ace PMP Exam in 1st Attempt,pmp certifications,1,1,1600,3.82,75,0.4,286,0.44,0.65,35300000,19-01-2025,73
Simplilearn Online Bootcamps | Online Certification Courses,simplilearn login,1,1,1600,1.31,75,0.4,98,0.15,0.13,64,23-01-2025,57
CSM Scrum Master Course Online | Today's Offer: Up To 51% Off,smum master certification,1,1,1600,0,75,0.4,0,0,0,16200000,02-01-2025,68
CSM Scrum Master Course Online | Today's Offer: Up To 51% Off,certified scrum master,2,2,5400,2.68,70,0.37,187,0.28,0.43,24600000,30-12-2024,73
CSPOŽ Certification | Limited Offer: Enroll @ $270,cspo,2,2,5400,4.09,70,0.37,286,0.44,0.41,8660000,07-01-2025,44
CSM Scrum Master Course Online | Today's Offer: Up To 51% Off,certified scrum master certification,4,4,9900,3.21,69,0.36,221,0.34,0.64,31500000,24-01-2025,54
PMPŽ Exam & Certification - Special Offer: Get $400 Off,pmp certification cost,5,5,12100,2.59,60,0.32,155,0.23,0.33,112000000,07-01-2025,46
PMPŽ Exam & Certification,pmp exam,3,0,6600,2.6,59,0.31,153,0.23,0.39,21000000,26-01-2025,60
CSM Scrum Master Course Online | Today's Offer: Up To 51% Off,certified scrum master certification,6,6,9900,3.4,49,0.26,166,0.25,0.56,13200000,30-12-2024,55
CSPOŽ Certification | Special Offer: Flat $279 Off,cspo,3,3,5400,4.09,48,0.25,196,0.3,0.41,8780000,03-01-2025,44
SimplilearnŽ Courses - Online Certification Courses,simplelearn,1,1,1000,2.31,47,0.25,108,0.16,0.14,4340000,13-01-2025,56
SimplilearnŽ Courses - Online Certification Courses,simpli learn,1,1,1000,2.31,47,0.25,108,0.16,0.14,4430000,06-01-2025,66
SimplilearnŽ Courses | Online Certification Courses,simply learn,1,1,1000,2.31,47,0.25,108,0.16,0.14,4350000,06-01-2025,62
PMPŽ Exam & Certification | Confidently Ace The PMP Exam,pmp exam,4,4,6600,2.17,46,0.24,99,0.15,0.36,24200000,31-12-2024,68
PMPŽ Exam & Certification | Special Offer: Get $400 Off,pmp exam,4,4,6600,2.6,46,0.24,119,0.18,0.39,20400000,10-01-2025,63
PMPŽ Certification Course | Ace PMP Exam in 1st Attempt,pmp certification exam questions,1,1,880,1.06,41,0.21,43,0.06,0.45,94000000,17-01-2025,37
SimplilearnŽ Official Site | Online Courses,simplilearn americas,1,1,720,1.88,33,0.17,62,0.09,0.16,775000,31-12-2024,37
PMPŽ Exam & Certification | Ace PMP Exam in 1st Attempt,pmp exam cost,2,2,2400,2.28,31,0.16,70,0.1,0.28,11400000,15-01-2025,38
PMPŽ Exam & Certification | Flat 40% Off - Enroll Now,pmp exam cost,2,2,2400,2.28,31,0.16,70,0.1,0.28,11600000,22-01-2025,44
SimplilearnŽ Courses - Online Certification Courses,simplylearn,1,1,590,2.31,27,0.14,62,0.09,0.14,0,17-01-2025,80
TOGAFŽ Architect Certification | Enroll in TOGAFŽ Course Now,togaf certification,2,2,1900,2.34,24,0.12,56,0.08,0.52,1440000,20-01-2025,43
PMPŽ Certification - Flat 40% Off - Enroll Now,pmp exam fee,2,2,1900,1.85,24,0.12,44,0.06,0.34,8680000,27-12-2024,27
ITILŽ 4 Certification Course | Accredited Course Curriculum,itil certifications,4,4,2900,2.33,20,0.1,46,0.07,0.49,11300000,25-01-2025,63
Simplilearn Online Bootcamps | Online Certification Courses,simplilearn login,2,2,1600,1.31,20,0.1,26,0.04,0.13,75,09-01-2025,55
SAFeŽ Agilist Certification | Special Offer: Get $250 Off,scaled agile framework certification,4,4,2900,3.77,20,0.1,75,0.11,0.41,5330000,10-01-2025,57
SimplilearnŽ Courses - Online Certification Courses,simlilearn,1,1,390,2.31,18,0.09,41,0.06,0.14,4380000,06-01-2025,70
TOGAFŽ Architect Certification | Enroll in TOGAFŽ Course Now,togaf certified,1,1,390,2.35,18,0.09,42,0.06,0.41,1460000,28-12-2024,50
AWS Certification Course,amazon web service certification,2,2,1300,1.74,16,0.08,27,0.04,0.34,318000000,24-01-2025,97
PMPŽ Exam & Certification | Confidently Ace The PMP Exam,pmp practice exam free,1,1,320,1.5,15,0.08,22,0.03,0.43,3230000,01-01-2025,29
PMPŽ Exam & Certification | Ace PMP Exam in 1st Attempt,pmp study course,1,1,320,8.96,15,0.08,134,0.2,0.19,35800000,24-01-2025,58
SAFeŽ Agilist Certification | Limited Offer: Enroll @ $545,scaled agile framework certification,6,6,2900,3.77,14,0.07,52,0.08,0.41,5330000,10-01-2025,57
PMPŽ Certification Course | Ace PMP Exam in 1st Attempt,how to get pmp certification,4,4,1900,3.92,13,0.06,50,0.07,0.69,39400000,15-01-2025,46
TOGAFŽ Architect Certification | TOGAFŽ Free Exam Retake,togaf certification,4,4,1900,2.35,13,0.06,30,0.04,0.41,1750000,30-12-2024,45
SimplilearnŽ Courses,simply learn,2,2,1000,2.31,13,0.06,30,0.04,0.14,4350000,06-01-2025,62
SimplilearnŽ Courses,simplelern,1,1,260,1.88,12,0.06,22,0.03,0.16,4570000,01-01-2025,48
PMPŽ Certification Course | Ace PMP Exam in 1st Attempt,pmp course,5,5,2400,7.22,12,0.06,86,0.13,0.69,71600000,23-01-2025,70
SimplilearnŽ Official Site,login simplilearn,1,1,260,1.31,12,0.06,15,0.02,0.13,1920000,08-01-2025,45
PMPŽ Exam & Certification,pmp test,4,4,1600,2.6,11,0.05,28,0.04,0.39,51700000,22-01-2025,67
SimplilearnŽ Official Site,simplilern,1,1,210,2.31,9,0.04,20,0.03,0.14,4330000,05-01-2025,63
SAFeŽ Agilist Certification | Special Offer: Get $250 Off,scale agile certification,2,0,720,3.77,9,0.04,33,0.05,0.41,37100000,26-01-2025,44
AWS Certified Cloud Practioner | Special Offer Get Flat 43% Off,aws practitioner certification,3,0,1000,1.5,9,0.04,13,0.02,0.41,29200000,26-01-2025,78
TOGAFŽ Architect Certification - TOGAFŽ Free Exam Retake,togaf certification,6,6,1900,2.34,9,0.04,21,0.03,0.52,1440000,20-01-2025,43
PMPŽ Exam & Certification | Ace PMP Exam in 1st Attempt,pmi pmp certification,2,2,720,3.98,9,0.04,35,0.05,0.57,8920000,13-01-2025,70
TOGAFŽ Enterprise Architecture | Master TOGAFŽ Core Concepts,togaf training,1,1,210,3.85,9,0.04,34,0.05,0.38,4160000,25-01-2025,43
Simplilearn Online Bootcamps | Online Certification Courses,simpilearn,1,1,170,2.31,7,0.03,16,0.02,0.14,4260000,22-01-2025,49
SimplilearnŽ Courses,simplylearn,2,2,590,1.88,7,0.03,13,0.02,0.16,4820000,01-01-2025,47
Simplilearn Courses,simplilearning,1,1,170,0,7,0.03,0,0,0,4240000,13-01-2025,78
Certified Scrum Product OwnerŽ | Limited Offer: Flat $279 Off,scrum master certification free,4,4,1000,1.79,7,0.03,12,0.01,0.55,4570000,06-01-2025,42
TOGAFŽ 10 Certification Course | Master TOGAFŽ Core Concepts,togaf certifications,1,1,140,2.35,6,0.03,14,0.02,0.41,2880000,01-01-2025,51
Simplilearn Online Bootcamps | Online Certification Courses,smplilearn,1,1,140,2.31,6,0.03,13,0.02,0.14,4210000,22-01-2025,49
SimplilearnŽ Courses | Online Certification Courses,simplileaern,1,1,140,2.31,6,0.03,13,0.02,0.14,4480000,18-01-2025,38
SimplilearnŽ Courses,simplileanr,1,1,140,2.31,6,0.03,13,0.02,0.14,4340000,19-01-2025,49
Become Certified Scrum Master | Flash Sale: Enroll @ $270,certified scrum certification,4,4,880,3.01,6,0.03,18,0.02,0.56,6460000,10-01-2025,73
SimplilearnŽ Official Site - Online Certification Courses,simpllearn,1,1,140,2.31,6,0.03,13,0.02,0.14,4210000,15-01-2025,54
PMPŽ Certification Course | Ace PMP Exam in 1st Attempt,pmp certification training,5,5,1300,9.39,6,0.03,56,0.08,0.42,209000000,24-01-2025,70
SimplilearnŽ Courses | Online Certification Courses,simplilarn,1,1,110,1.88,5,0.02,9,0.01,0.16,4570000,31-12-2024,44
PMPŽ Certification Course | Ace PMP Exam in 1st Attempt,project management professional prep course,3,3,590,8.96,5,0.02,44,0.06,0.19,41600000,23-01-2025,43
PMPŽ Training & Exam - Ace PMP Exam in 1st Attempt,pmp exam practice test,3,3,590,2.08,5,0.02,10,0.01,0.52,5570000,26-01-2025,32
PMPŽ Certification Training | Ace PMP Exam in 1st Attempt,how to prepare for pmp certification,1,1,110,3.07,5,0.02,15,0.02,0.4,10200000,13-01-2025,33
ITIL Foundations Course | 100% Exam Pass Guarantee,itil 4 foundation certification,2,2,390,3.33,5,0.02,16,0.02,0.52,9890000,09-01-2025,44
SimplilearnŽ Courses | Level Up Your Skills | Launch Your Career,simpli lear,1,1,90,1.88,4,0.02,7,0.01,0.16,4460000,02-01-2025,38
SimplilearnŽ Courses,simplilearn azure,1,1,90,0,4,0.02,0,0,0.43,231000,20-01-2025,36
Cloud Architect Certificate - Become a Cloud Architect,cloud architect certification,3,3,480,6.39,4,0.02,25,0.03,0.4,63800000,22-01-2025,77
PMPŽ Certification Training | Flat 40% Off - Enroll Now,cheap pmp certification,1,1,90,5.98,4,0.02,23,0.03,0.46,40900000,18-01-2025,25
CSPOŽ Certification Course | Limited Offer: Flat $279 Off,cspo training,3,3,480,6.97,4,0.02,27,0.04,0.24,8690000,31-12-2024,44
SimplilearnŽ Official Site,simplilearn log in,1,1,90,1.31,4,0.02,5,0,0.13,61,20-01-2025,19
Simplilearn ITIL 4 Training - Online Certification Courses,skillup by simplilearn,1,1,90,4.47,4,0.02,17,0.02,0.31,55,31-12-2024,49
CSM Scrum Master Course Online - Today's Offer: Up To 51% Off,certified scrum master class,2,2,260,5.46,3,0.01,16,0.02,0.43,4450000,24-01-2025,59
Simplilearn PMPŽ Course | Flat 40% Off - Enroll Now,similearn,1,1,70,2.31,3,0.01,6,0,0.14,4210000,22-01-2025,48
CSM Scrum Master Course Online | Today's Offer: Up To 51% Off,certified scrum master certificate,2,2,260,3.21,3,0.01,9,0.01,0.64,13700000,22-01-2025,64
PMPŽ Certification Course,how to get project management certification,3,3,390,7.37,3,0.01,22,0.03,0.72,375000000,21-01-2025,56
Simplilearn Courses | Online Courses,simplilearn courses,1,1,70,6.31,3,0.01,18,0.02,0.38,3310000,09-01-2025,52
CSM Scrum Master Course Online | Today's Offer: Up To 51% Off,certified scrum master course,3,3,390,5.46,3,0.01,16,0.02,0.43,49100000,18-01-2025,60
Product Owner (CSPOŽ) Course | Limited Offer: Flat $279 Off,a certified scrum product owner,1,1,70,3.02,3,0.01,9,0.01,0.42,8800000,16-01-2025,44
Master ITIL 4 Foundation - Clear ITIL Exam on 1st Attempt,itil foundation mock test,1,1,70,1.8,3,0.01,5,0,0.26,277000,24-01-2025,12
Simplilearn PMPŽ Course | Special Offer: Get $400 Off,siplilearn,1,1,70,1.88,3,0.01,5,0,0.16,4790000,02-01-2025,38
Simplilearn Online Bootcamps | Level Up Your Skills,simplielarn,1,1,70,2.31,3,0.01,6,0,0.14,4260000,23-01-2025,62
SimplilearnŽ Courses | Online Certification Courses,simplielearn,1,0,70,2.31,3,0.01,6,0,0.14,4490000,26-01-2025,58
Simplilearn Online Bootcamps | Online Certification Courses,simplilear,1,1,70,1.88,3,0.01,5,0,0.16,4610000,02-01-2025,68
SimplilearnŽ Official Site | Online Certification Courses,simply lern,1,1,70,0,3,0.01,0,0,0,4130000,22-01-2025,47
Master ITIL 4 Foundation - 100+ Premium Exam Questions,itil foundation mock exam,1,1,70,2.67,3,0.01,8,0.01,0.28,313000,31-12-2024,16
AWS Certified Cloud Practioner | Today's offer- Flat $300 Off,best aws learning tutorial,5,5,720,0,3,0.01,0,0,0,45700000,23-01-2025,47
Simplilearn Online Bootcamps | Online Certification Courses,simplilearns,1,1,50,2.31,2,0.01,4,0,0.14,4410000,17-01-2025,76
PMPŽ Certification Course | Flat 40% Off - Enroll Now,pmp certification courses online,3,3,260,9.78,2,0.01,19,0.02,0.62,8930000,27-12-2024,57
PMPŽ Certification | Flat 40% Off - Enroll Now,online pmp certification training,1,1,50,11.09,2,0.01,22,0.03,0.48,7540000,27-12-2024,57
CSM Scrum Master Course Online | Limited-time Offer: $270 Only,csm scrum master certification,2,2,210,3.23,2,0.01,6,0,0.4,4620000,25-01-2025,48
PMPŽ Training & Exam | Confidently Ace The PMP Exam,pmp prep classes,5,5,590,10.08,2,0.01,20,0.03,0.55,490000,01-01-2025,49
Simplilearn Online Bootcamps | Launch Your Career,simplilerarn,1,1,50,2.31,2,0.01,4,0,0.14,4770000,06-01-2025,39
PMPŽ Exam & Certification - Confidently Ace The PMP Exam,pmp test requirements,3,3,260,1.67,2,0.01,3,0,0.31,64800000,01-01-2025,47
ITIL Certification Cost - 100% Exam Pass Guarantee,itil 4 foundation exam cost,3,0,320,2.48,2,0.01,4,0,0.47,1050000,26-01-2025,24
SimplilearnŽ Courses,simple lern,1,1,50,2.31,2,0.01,4,0,0.14,4340000,21-01-2025,
CAPMŽ Exam Prep in 3 Weeks | Ace CAPMŽ Exam in 1st Attempt,capm course,6,0,590,4.5,2,0.01,9,0.01,0.71,8770000,26-01-2025,44
PMPŽ Certification Training | Flat 40% Off - Enroll Now,how much does it cost to do pmp-acp,4,4,390,0,2,0.01,0,0,0,1910000,05-01-2025,22
ITIL Certification Now - 4 Mock Tests | 30+ Quizzes,itil foundation test online,1,1,30,3.34,1,0,3,0,0.6,797000,04-01-2025,17
ITIL Certification Course | Clear ITIL Exam on 1st Attempt,itil certification course online,1,1,40,6.05,1,0,6,0,0.24,4950000,22-01-2025,32
PMPŽ Certification Training - Ace PMP Exam in 1st Attempt,pmp exam prep free,1,1,40,2.59,1,0,2,0,0.63,2620000,24-01-2025,30
Become CAPMŽ Ready in 3 Weeks | Ace CAPMŽ Exam in 1st...,certified associate in project management capm course,2,2,110,6.11,1,0,6,0,0.75,328000,21-01-2025,27
PMPŽ Exam & Certification | Ace PMP Exam in 1st Attempt,pmp certificaiton,2,2,140,3.38,1,0,3,0,0.62,200000000,12-01-2025,77
SimplilearnŽ Courses | Online Certification Courses,smplilearn,2,2,140,2.31,1,0,2,0,0.14,4210000,22-01-2025,49
SimplilearnŽ ITIL Programs | Online Certification Courses,simplilearn artificial intelligence engineer,1,1,30,4.19,1,0,4,0,0.43,108000,23-01-2025,33
ITIL Foundations Course | 100% Exam Pass Guarantee,itil foundation training,4,4,170,6.12,1,0,6,0,0.42,8940000,14-01-2025,36
PMPŽ Certification | Ace PMP Exam in 1st Attempt,certificado de gestion de proyectos,1,1,40,7.08,1,0,7,0.01,0.53,80600000,13-01-2025,18
TOGAFŽ Certification Price - TOGAFŽ Free Exam Retake,togaf certification training,2,2,90,4.43,1,0,4,0,0.47,1050000,21-01-2025,33
Simplilearn Online Bootcamps - Online Certification Courses,simplileaern,2,2,140,2.31,1,0,2,0,0.14,4480000,18-01-2025,38
ITIL Certification Course | 100% Exam Pass Guarantee,itil certification training,2,2,140,5.19,1,0,5,0,0.49,11800000,22-01-2025,54
Become a Certified ScrumMaster | Today's Offer: Up To 51%...,certified scrummaster csm,3,3,140,3.23,1,0,3,0,0.4,4120000,18-01-2025,60
TOGAFŽ Enterprise Architecture | Enroll in TOGAFŽ Course Now,udacity enterprise architecture,4,4,260,0,1,0,0,0,0,131000,06-01-2025,20
Simplilearn ITIL 4 Training | Online Certification Courses,simplilearn itil,1,1,40,8.9,1,0,8,0.01,0.48,92100,05-01-2025,41
SimplilearnŽ Official Site - Online Certification Courses,simplilearn.com,1,1,40,2.44,1,0,2,0,0.18,4690000,15-01-2025,77
SimplilearnŽ Training Programs | Get Certified. Get Ahead.,simplilearn cloud architect,1,1,40,0,1,0,0,0,0.05,372000,13-01-2025,34
ITIL Certification Course | Clear ITIL Exam on 1st Attempt,itl certification,1,1,30,2.33,1,0,2,0,0.49,15500000,10-01-2025,47
Simplilearn Online Bootcamps | Trusted by 3 Million+ Learners,simplearn,1,1,30,2.31,1,0,2,0,0.14,4270000,21-01-2025,44
Master ITIL 4 Foundation - Clear ITIL Exam on 1st Attempt,itil 4 foundation mock exam,1,1,30,2.78,1,0,2,0,0.4,402000,09-01-2025,15
PMPŽ Certification Course | Ace PMP Exam in 1st Attempt,pmp courses online free,1,1,40,4.61,1,0,4,0,0.46,53900000,18-01-2025,28
ITIL Foundations Course | 100% Exam Pass Guarantee,itil 4 foundation certification,6,6,390,3.33,1,0,3,0,0.52,9890000,09-01-2025,44
PMI Certified PMPŽ Training | Flat 40% Off - Enroll Now,pmi project management course,3,3,210,4.57,1,0,4,0,0.48,25400000,28-12-2024,62
SimplilearnŽ Courses | Online Certification Courses,simplilearn data science,2,2,90,7.24,1,0,7,0.01,0.43,1630000,05-01-2025,51
Become Certified Scrum Master | Today's Offer: Up To 51% Off,certified scrum master csm certification,3,3,170,3.37,1,0,3,0,0.38,1910000,28-12-2024,51
Simplilearn ITIL V4 | Online Certification Courses,simplilearn cissp,1,1,30,5.91,1,0,5,0,0.63,46,05-01-2025,37
CSM Scrum Master Course Online | Limited-time Offer: $270 Only,csm class,3,3,140,3.62,1,0,3,0,0.09,69900000,12-01-2025,42
Simplilearn Online Bootcamps | Online Certification Courses,simplilearn full stack developer,2,2,110,7.51,1,0,7,0.01,0.7,333000,12-01-2025,50
PMI Certified PMPŽ Training | Ace PMP Exam in 1st Attempt,pmp training pmi,3,3,210,3.98,1,0,3,0,0.57,5580000,09-01-2025,70
Simplilearn ITIL 4 Training - Level Up Your Skills,skillup by simplilearn,2,2,90,4.47,1,0,4,0,0.31,55,31-12-2024,49
Cloud Certification Course | Masters Certification in Cloud,caltech post graduate program in cloud computing,3,3,40,15.02,0,0,0,0,0.47,79700,31-12-2024,19
PMPŽ Certification Course | Flat 40% Off - Enroll Now,it project manager certification,5,5,140,7.25,0,0,0,0,0.51,262000000,29-12-2024,45
Simplilearn Online Bootcamps | Online Certification Courses,simplilearns,2,2,50,2.31,0,0,0,0,0.14,4410000,17-01-2025,76
PMPŽ Exam & Certification | Confidently Ace The PMP Exam,pmi exam prep,4,4,140,5.36,0,0,0,0,0.66,5700000,31-12-2024,56
PMPŽ Certification | Confidently Ace The PMP Exam,best course for pmp,4,4,30,10.26,0,0,0,0,0.24,15600000,31-12-2024,39
ITIL Certification Course | 100% Exam Pass Guarantee,itil certification online,3,3,110,3.55,0,0,0,0,0.3,3810000,03-01-2025,40
ITIL Foundations Course | 100% Exam Pass Guarantee,itil online certification,2,2,30,4,0,0,0,0,0.29,11600000,31-12-2024,35
No Cost & No Hidden Fees - AWS Certification Course,best platform to learn aws,4,0,110,0,0,0,0,0,0.26,149000000,26-01-2025,38
PMPŽ Certification Course | Confidently Ace The PMP Exam,pmp certification what is it,4,4,70,2.08,0,0,0,0,0.28,143000000,01-01-2025,49
CAPMŽ Certification Training | Ace CAPMŽ Exam in 1st...,certified associate in project management capm course,5,5,110,6.11,0,0,0,0,0.75,328000,21-01-2025,27
PMPŽ Course | Confidently Ace The PMP Exam,best pmp prep course,6,6,170,8.4,0,0,0,0,0.52,1260000,31-12-2024,32
ITIL Certification Course | 100% Exam Pass Guarantee,itil classes online,3,3,70,6.05,0,0,0,0,0.24,716000,21-01-2025,33
SimplilearnŽ Courses | Online Certification Courses,simplilearn artificial intelligence engineer,4,4,30,9.33,0,0,0,0,0.95,149000,27-12-2024,24
Simplilearn TOGAF - Online Certification Courses,simplilearn artificial intelligence engineer,6,6,30,4.19,0,0,0,0,0.43,108000,23-01-2025,33
ITIL Foundations Course | 100% Exam Pass Guarantee,learning tree itil 4 foundation,3,3,40,2.53,0,0,0,0,0.26,235000,31-12-2024,8
PMPŽ Training Course | Confidently Ace The PMP Exam,purdue project management essentials,2,2,30,5.11,0,0,0,0,0.15,186000,01-01-2025,34
Project Management Training,purdue project management essentials,5,5,30,5.11,0,0,0,0,0.15,186000,01-01-2025,34
TOGAFŽ Enterprise Architecture | Enroll in TOGAFŽ Course Now,it architect certification program,4,4,110,3.68,0,0,0,0,0.22,41700000,22-01-2025,31
TOGAFŽ 10 Certification Course | Enroll in TOGAFŽ Course Now,togaf course online,2,2,40,4.94,0,0,0,0,0.4,313000,03-01-2025,21
AWS Solution Architect Course | Get AWS Associate Certificate,aws solutions architect-associate,4,4,70,3.86,0,0,0,0,0.25,11000000,05-01-2025,61
CSM Scrum Master Course Online - Today's Offer: Up To 51% Off,get certified scrum master,3,3,40,4.15,0,0,0,0,0.79,15000000,24-01-2025,47
Online AWS CPE Course | Special Offer Get Flat 43% Off,devops certification course,4,4,50,7.78,0,0,0,0,0.46,51200000,31-12-2024,60
CSM Scrum Master Course Online | Today's Offer: Up To 51% Off,scrum master certification course,4,4,140,5.46,0,0,0,0,0.43,13800000,24-01-2025,62
PMPŽ Exam & Certification | Flat 40% Off - Enroll Now,pmp training and certification cost,4,4,50,2.59,0,0,0,0,0.33,6630000,06-01-2025,37
Leading SAFeŽ 6 Certification | Special Offer: Get $250 Off,safe 6.0 certification,4,4,70,4.43,0,0,0,0,0.57,332000000,22-01-2025,38
PMPŽ Exam & Certification,pmp registered,2,2,40,5.31,0,0,0,0,0.26,51600000,21-01-2025,56
PMPŽ Exam & Certification | Flat 40% Off - Enroll Now,pmp registered,5,5,40,5.31,0,0,0,0,0.26,51600000,21-01-2025,56
PMPŽ Exam & Certification | Ace PMP Exam in 1st Attempt,how to register for pmp exam,2,2,70,3.18,0,0,0,0,0.45,19900000,15-01-2025,18
CSM Scrum Master Course Online - Today's Offer: Up To 51% Off,srum master certification,4,4,40,3.4,0,0,0,0,0.56,32400000,31-12-2024,64
SAFeŽ Agile Training & Exam | Special Offer: Get $250 Off,scrum safe certification,3,3,30,3.86,0,0,0,0,0.51,7270000,26-01-2025,27
PMPŽ Course | Confidently Ace The PMP Exam,pmp free course,3,3,110,4.18,0,0,0,0,0.57,48300000,01-01-2025,35
PMPŽ Certification Course,how to prepare for pmp certification,5,5,110,3.07,0,0,0,0,0.4,10200000,13-01-2025,33
PMPŽ Exam & Certification | Flat 40% Off - Enroll Now,what is the cost of pmp exam,4,4,40,2.18,0,0,0,0,0.4,4420000,24-01-2025,34
Master ITIL 4 Foundation | 100% Exam Pass Guarantee,itil 4 foundation course,3,3,70,4.7,0,0,0,0,0.35,6040000,23-01-2025,46
PMPŽ Certification Course | Flat 40% Off - Enroll Now,pmp certification online course,6,6,170,9.78,0,0,0,0,0.62,35200000,27-12-2024,59
Master ITIL 4 Foundation | 100% Exam Pass Guarantee,itilv4 foundation,3,3,30,3.54,0,0,0,0,0.43,1190000,28-12-2024,35
Master ITIL 4 Foundation | 100% Exam Pass Guarantee,itilv4 foundation,6,6,30,3.54,0,0,0,0,0.43,1190000,28-12-2024,35
ITIL Foundations Course | Clear ITIL Exam on 1st Attempt,itil foundations training,3,3,40,6.34,0,0,0,0,0.38,11500000,31-12-2024,32
Simplilearn PMPŽ Course - Limited Offer: Get $400 Off,siplilearn,2,2,70,1.88,0,0,0,0,0.16,4790000,02-01-2025,38
SimplilearnŽ Courses | Online Certification Courses,simplielearn,2,2,70,1.88,0,0,0,0,0.16,4820000,29-12-2024,44
CSPOŽ Certification - Special Offer: Flat $279 Off,knowledgehut cspo,2,2,30,46.86,0,0,0,0,0.23,54,31-12-2024,14
Become CAPMŽ Ready in 3 Weeks | Ace CAPMŽ Exam in 1st...,capm training classes,2,2,70,5.62,0,0,0,0,0.4,952000,16-01-2025,39
Become Certified Scrum Master | Limited-time Offer: $270 Only,agile certified scrum master,3,3,90,3.19,0,0,0,0,0.51,16100000,31-12-2024,67
Simplilearn Online Bootcamps | Online Certification Courses,simplilearn generative ai,3,3,30,7.87,0,0,0,0,0.85,568000,05-01-2025,41
PMPŽ Exam & Certification | Special Offer: Get $400 Off,pmp certificering,6,6,30,3.77,0,0,0,0,0.19,29700,31-12-2024,66
PMPŽ Exam & Certification - Flat 40% Off - Enroll Now,pmp certification 35 hours online training,4,4,40,7.75,0,0,0,0,0.61,28500000,31-12-2024,31
Certified Scrum Product OwnerŽ | Limited Offer: Flat $279 Off,scrum alliance csm certification cost,4,4,90,2.62,0,0,0,0,0.39,512000,16-01-2025,47
PMPŽ Certification Course,duration of pmp course,2,2,50,2.61,0,0,0,0,0.24,21900000,22-01-2025,46
TOGAFŽ Certification Exam Cost | TOGAFŽ Free Exam Retake,togaf certification price,4,4,30,1.94,0,0,0,0,0.3,384000,13-01-2025,24
Master ITIL 4 Foundation - 100% Exam Pass Guarantee,itil foundation test,2,2,50,2.49,0,0,0,0,0.53,4550000,23-01-2025,30
